{
	"format_version": "1.8.0",
	"animations": {
		"animation": {
			"loop": "hold_on_last_frame",
			"animation_length": 0.75,
			"bones": {
				"wingsL": {
					"rotation": {
						"0.0": {
							"vector": [0, -90, -90]
						},
						"0.0417": [-0.21417, -88.83598, -90.17509],
						"0.0833": [-0.40356, -87.18529, -89.6936],
						"0.125": [-0.56211, -84.92784, -88.39355],
						"0.1667": [-0.68063, -81.89649, -86.04945],
						"0.2083": [-0.74596, -77.85884, -82.34775],
						"0.25": [-0.738, -72.48315, -76.8409],
						"0.2917": [-0.62674, -65.33332, -68.94058],
						"0.3333": [-0.3777, -56.04628, -58.15698],
						"0.4167": [0.3777, -33.95372, -31.84302],
						"0.4583": [0.62674, -24.66668, -21.05942],
						"0.5": [0.738, -17.51685, -13.1591],
						"0.5417": [0.74596, -12.14116, -7.65225],
						"0.5833": [0.68063, -8.10351, -3.95055],
						"0.625": [0.56211, -5.07216, -1.60645],
						"0.6667": [0.40356, -2.81471, -0.3064],
						"0.7083": [0.21417, -1.16402, 0.17509],
						"0.75": {
							"vector": [0, 0, 0]
						}
					},
					"scale": {
						"0.0": {
							"vector": [0, 0, 0]
						},
						"0.0417": [-0.01316, -0.01316, -0.01316],
						"0.0833": [-0.01925, -0.01925, -0.01925],
						"0.125": [-0.01634, -0.01634, -0.01634],
						"0.1667": [-0.0017, -0.0017, -0.0017],
						"0.2083": [0.02879, 0.02879, 0.02879],
						"0.25": [0.0819, 0.0819, 0.0819],
						"0.2917": [0.16884, 0.16884, 0.16884],
						"0.3333": [0.30644, 0.30644, 0.30644],
						"0.4167": [0.69356, 0.69356, 0.69356],
						"0.4583": [0.83116, 0.83116, 0.83116],
						"0.5": [0.9181, 0.9181, 0.9181],
						"0.5417": [0.97121, 0.97121, 0.97121],
						"0.5833": [1.0017, 1.0017, 1.0017],
						"0.625": [1.01634, 1.01634, 1.01634],
						"0.6667": [1.01925, 1.01925, 1.01925],
						"0.7083": [1.01316, 1.01316, 1.01316],
						"0.75": {
							"vector": [1, 1, 1]
						}
					}
				},
				"wingsL2": {
					"rotation": {
						"0.0": {
							"vector": [0, 90, 90]
						},
						"0.0417": [-0.21417, 90.63567, 89.29657],
						"0.0833": [-0.40356, 90.55634, 88.04802],
						"0.125": [-0.56211, 89.58558, 86.11987],
						"0.1667": [-0.68063, 87.47785, 83.3249],
						"0.2083": [-0.74596, 83.8917, 79.4028],
						"0.25": [-0.738, 78.33975, 73.982],
						"0.2917": [-0.62674, 70.1813, 66.57403],
						"0.3333": [-0.3777, 58.88295, 56.77225],
						"0.4167": [0.3777, 31.11705, 33.22775],
						"0.4583": [0.62674, 19.8187, 23.42597],
						"0.5": [0.738, 11.66025, 16.018],
						"0.5417": [0.74596, 6.1083, 10.5972],
						"0.5833": [0.68063, 2.52215, 6.6751],
						"0.625": [0.56211, 0.41442, 3.88013],
						"0.6667": [0.40356, -0.55634, 1.95198],
						"0.7083": [0.21417, -0.63567, 0.70343],
						"0.75": {
							"vector": [0, 0, 0]
						}
					},
					"scale": {
						"0.0": {
							"vector": [0, 0, 0]
						},
						"0.0417": [-0.01316, -0.01316, -0.01316],
						"0.0833": [-0.01925, -0.01925, -0.01925],
						"0.125": [-0.01634, -0.01634, -0.01634],
						"0.1667": [-0.0017, -0.0017, -0.0017],
						"0.2083": [0.02879, 0.02879, 0.02879],
						"0.25": [0.0819, 0.0819, 0.0819],
						"0.2917": [0.16884, 0.16884, 0.16884],
						"0.3333": [0.30644, 0.30644, 0.30644],
						"0.4167": [0.69356, 0.69356, 0.69356],
						"0.4583": [0.83116, 0.83116, 0.83116],
						"0.5": [0.9181, 0.9181, 0.9181],
						"0.5417": [0.97121, 0.97121, 0.97121],
						"0.5833": [1.0017, 1.0017, 1.0017],
						"0.625": [1.01634, 1.01634, 1.01634],
						"0.6667": [1.01925, 1.01925, 1.01925],
						"0.7083": [1.01316, 1.01316, 1.01316],
						"0.75": {
							"vector": [1, 1, 1]
						}
					}
				},
				"canister right": {
					"scale": {
						"0.0": {
							"vector": [1, 1, 1]
						},
						"0.0417": [1.02626, 1.02626, 1.02626],
						"0.0833": {
							"vector": [1.05, 1.05, 1.05]
						},
						"0.125": [1.04852, 1.04852, 1.04852],
						"0.6667": [1.00413, 1.00413, 1.00413],
						"0.75": {
							"vector": [1, 1, 1]
						}
					}
				},
				"canister left": {
					"scale": {
						"0.0": {
							"vector": [1, 1, 1]
						},
						"0.0417": [1.02626, 1.02626, 1.02626],
						"0.0833": {
							"vector": [1.05, 1.05, 1.05]
						},
						"0.125": [1.04852, 1.04852, 1.04852],
						"0.6667": [1.00413, 1.00413, 1.00413],
						"0.75": {
							"vector": [1, 1, 1]
						}
					}
				}
			},
			"sound_effects": {},
			"particle_effects": {}
		},
		"wingflap": {
			"loop": true,
			"animation_length": 0.5833,
			"bones": {
				"wingsL": {
					"rotation": {
						"0.0": {
							"vector": [0, 0, 0]
						},
						"0.0417": {
							"vector": [10, 0, 0]
						},
						"0.125": {
							"vector": [-10, 0, 0]
						},
						"0.2083": {
							"vector": [10, 0, 0]
						},
						"0.2917": {
							"vector": [-10, 0, 0]
						},
						"0.375": {
							"vector": [10, 0, 0]
						},
						"0.4583": {
							"vector": [-10, 0, 0]
						},
						"0.5417": {
							"vector": [0, 0, 0]
						},
						"0.5833": {
							"vector": [0, 0, 0]
						}
					},
					"position": {
						"0.0": {
							"vector": [0, 0, 0]
						},
						"0.0417": {
							"vector": [0, 2, 0]
						},
						"0.125": {
							"vector": [0, -2, 0]
						},
						"0.2083": {
							"vector": [0, 2, 0]
						},
						"0.2917": {
							"vector": [0, -2, 0]
						},
						"0.375": {
							"vector": [0, 2, 0]
						},
						"0.4583": {
							"vector": [0, -2, 0]
						},
						"0.5417": {
							"vector": [0, 2, 0]
						},
						"0.5833": {
							"vector": [0, 0, 0]
						}
					}
				},
				"wingsL2": {
					"rotation": {
						"0.0": {
							"vector": [0, 0, 0]
						},
						"0.0417": {
							"vector": [10, 0, 0]
						},
						"0.125": {
							"vector": [-10, 0, 0]
						},
						"0.2083": {
							"vector": [10, 0, 0]
						},
						"0.2917": {
							"vector": [-10, 0, 0]
						},
						"0.375": {
							"vector": [10, 0, 0]
						},
						"0.4583": {
							"vector": [-10, 0, 0]
						},
						"0.5417": {
							"vector": [0, 0, 0]
						},
						"0.5833": {
							"vector": [0, 0, 0]
						}
					},
					"position": {
						"0.0": {
							"vector": [0, 0, 0]
						},
						"0.0417": {
							"vector": [0, 2, 0]
						},
						"0.125": {
							"vector": [0, -2, 0]
						},
						"0.2083": {
							"vector": [0, 2, 0]
						},
						"0.2917": {
							"vector": [0, -2, 0]
						},
						"0.375": {
							"vector": [0, 2, 0]
						},
						"0.4583": {
							"vector": [0, -2, 0]
						},
						"0.5417": {
							"vector": [0, 2, 0]
						},
						"0.5833": {
							"vector": [0, 0, 0]
						}
					}
				}
			}
		}
	}
}
